yth_unemp_rt_15_24, mpy_rt_15_64, unemp_rt_15, gccsa_code_2016
11.6999998092651,73.6999969482422,5.30000019073486,"1GSYD"
12.6000003814697,75.0,5.40000009536743,"2GMEL"
11.6999998092651,75.4000015258789,5.80000019073486,"3GBRI"
12.0,74.3000030517578,5.59999990463257,"4GADE"
10.6000003814697,77.0999984741211,4.90000009536743,"5GPER"
