GCC,employment_rate,unemployment_rate
1GSYD,73.6999969482422,5.30000019073486
2GMEL,75.0,5.40000009536743
3GBRI,75.4000015258789,5.80000019073486
4GADE,74.3000030517578,5.59999990463257
5GPER,77.0999984741211,4.90000009536743
